{
  "_format": "hh-sol-cache-2",
  "files": {
    "C:\\Users\\shushanik.hovsepyan\\Desktop\\hardhat-tutorial\\contracts\\Token.sol": {
      "lastModificationDate": 1704886041107,
      "contentHash": "2c46611b94a1c0906fea0841cd628dc1",
      "sourceName": "contracts/Token.sol",
      "solcConfig": {
        "version": "0.8.19",
        "settings": {
          "optimizer": {
            "enabled": false,
            "runs": 200
          },
          "outputSelection": {
            "*": {
              "*": [
                "abi",
                "evm.bytecode",
                "evm.deployedBytecode",
                "evm.methodIdentifiers",
                "metadata"
              ],
              "": [
                "ast"
              ]
            }
          }
        }
      },
      "imports": [
        "hardhat/console.sol"
      ],
      "versionPragmas": [
        "^0.8.0"
      ],
      "artifacts": [
        "Token"
      ]
    },
    "C:\\Users\\shushanik.hovsepyan\\Desktop\\hardhat-tutorial\\node_modules\\hardhat\\console.sol": {
      "lastModificationDate": 1704791704220,
      "contentHash": "896f68942c3a20e9ae3c3c5bfd3add54",
      "sourceName": "hardhat/console.sol",
      "solcConfig": {
        "version": "0.8.19",
        "settings": {
          "optimizer": {
            "enabled": false,
            "runs": 200
          },
          "outputSelection": {
            "*": {
              "*": [
                "abi",
                "evm.bytecode",
                "evm.deployedBytecode",
                "evm.methodIdentifiers",
                "metadata"
              ],
              "": [
                "ast"
              ]
            }
          }
        }
      },
      "imports": [],
      "versionPragmas": [
        ">=0.4.22 <0.9.0"
      ],
      "artifacts": [
        "console"
      ]
    }
  }
}
